,City,Clouds,Country,Dates,Humidities,Latitudes,Longituudes,Temperatures,Windspeeds
0,Tasiilaq,100,GL,1582077726,85,65.61,-37.64,267.15,8.2
1,Dergachi,100,RU,1582077727,95,51.23,48.77,273.92,7.71
2,Nara,75,JP,1582077515,50,34.69,135.8,283.15,4.6
3,Vao,6,NC,1582077729,73,-22.67,167.48,299.37,4.83
4,Panjakent,40,TJ,1582077609,85,39.5,67.61,269.15,4.1
5,Otavi,86,NA,1582077732,78,-19.65,17.33,293.09,0.92
6,Port Hueneme,1,US,1582077733,63,34.15,-119.2,291.15,3.6
7,Avarua,100,CK,1582077734,83,-21.21,-159.78,300.15,5.1
8,Bethel,90,US,1582077735,100,41.37,-73.41,279.26,2.05
9,Rio Grande,1,BR,1582077736,75,-32.03,-52.1,296.01,7.06
10,Vogar,40,IS,1582077737,86,63.98,-22.39,272.15,3.1
11,Litija,75,SI,1582077738,100,46.06,14.82,278.15,1.0
12,Alto Araguaia,100,BR,1582077739,91,-17.31,-53.22,295.36,2.14
13,East London,90,ZA,1582077721,86,-33.02,27.91,295.25,6.34
14,Mogapi,0,BW,1582077742,81,-22.32,27.83,293.3,3.79
15,Hasaki,40,JP,1582077743,49,35.73,140.83,284.26,1.5
16,Atuona,68,PF,1582077744,80,-9.8,-139.03,300.82,8.84
17,Punta Arenas,75,CL,1582077745,75,-53.15,-70.92,281.15,17.0
18,Angoche,86,MZ,1582077746,97,-16.23,39.91,296.63,1.94
19,Nikolskoye,90,RU,1582077747,80,59.7,30.79,277.15,5.0
20,Busselton,0,AU,1582077749,23,-33.65,115.33,302.04,1.93
21,Aswan,0,EG,1582077750,54,24.09,32.91,285.38,3.89
22,Tinos,71,GR,1582077751,71,37.54,25.16,284.15,2.6
23,New Norfolk,75,AU,1582077752,54,-42.78,147.06,292.59,9.8
24,Neuquen,0,AR,1582077753,46,-38.95,-68.06,295.15,3.36
25,Usinsk,100,RU,1582077754,98,65.99,57.53,273.71,7.03
26,Hithadhoo,19,MV,1582077755,79,-0.6,73.08,301.38,6.09
27,Saskylakh,0,RU,1582077756,86,71.92,114.08,249.89,3.26
28,Esperance,100,AU,1582077590,52,-33.87,121.9,293.15,6.7
29,Wildeshausen,75,DE,1582077758,81,52.9,8.43,280.37,6.7
30,Puerto Ayora,3,EC,1582077759,84,-0.74,-90.35,298.48,3.79
31,Grindavik,40,IS,1582077761,86,63.84,-22.43,272.15,3.1
32,Igrim,86,RU,1582077762,86,63.19,64.42,271.79,5.2
33,Airai,39,TL,1582077763,70,-8.93,125.41,299.6,1.99
34,Cape Town,0,ZA,1582077092,73,-33.93,18.42,294.26,6.2
35,Albany,90,US,1582077765,90,42.6,-73.97,277.04,3.64
36,Ushuaia,75,AR,1582077766,87,-54.8,-68.3,282.15,13.4
37,Constitucion,0,CL,1582077767,68,-35.33,-72.42,288.37,3.04
38,Codrington,56,AU,1582077769,77,-38.27,141.97,289.07,10.09
39,San Cristobal,20,VE,1582077770,55,7.77,-72.22,303.15,2.1
40,Tutoia,100,BR,1582077771,97,-2.76,-42.27,297.08,1.59
41,Saint-Philippe,1,RE,1582077772,78,-21.36,55.77,296.15,3.1
42,Inhambane,6,MZ,1582077773,83,-23.86,35.38,299.42,3.56
43,Rikitea,3,PF,1582077774,78,-23.12,-134.97,299.32,6.56
44,Sawakin,0,SD,1582077775,85,19.11,37.33,296.91,4.35
45,Sitka,90,US,1582077776,79,57.05,-135.33,280.15,6.7
46,Barrow,90,US,1582077777,77,71.29,-156.79,254.15,10.8
47,Aklavik,90,CA,1582077778,71,68.22,-135.01,260.15,4.1
48,Port Hedland,1,AU,1582077779,52,-20.32,118.57,306.15,4.1
49,College,20,US,1582077781,85,64.86,-147.8,266.48,0.82
50,Beloha,82,MG,1582077782,85,-25.17,45.05,296.63,1.01
51,Pitkyaranta,100,RU,1582077783,89,61.57,31.48,275.45,8.12
52,Mutsu,75,JP,1582077784,69,41.29,141.22,275.15,5.1
53,Pisco,75,PE,1582077771,83,-13.7,-76.22,297.59,6.7
54,Kirakira,42,SB,1582077786,83,-10.45,161.92,300.57,3.08
55,Atasu,100,KZ,1582077787,91,48.68,71.64,261.99,8.38
56,Mataura,83,NZ,1582077788,69,-46.19,168.86,289.82,8.05
57,Sao Joao da Barra,0,BR,1582077789,86,-21.64,-41.05,298.66,7.92
58,Tuktoyaktuk,75,CA,1582077790,76,69.45,-133.04,252.15,4.6
59,Mar del Plata,0,AR,1582077792,88,-38.0,-57.56,290.15,1.5
60,Victor Harbor,75,AU,1582077793,37,-35.57,138.62,294.26,7.2
61,Lokosovo,98,RU,1582077794,94,61.13,74.82,272.3,4.18
62,Oussouye,0,SN,1582077795,78,12.48,-16.55,296.15,1.0
63,Bilma,0,NE,1582077796,34,18.69,12.92,287.7,6.71
64,Fortuna,1,US,1582077797,81,40.6,-124.16,283.15,4.1
65,East Stroudsburg,90,US,1582077531,87,41.0,-75.18,281.48,3.1
66,Leningradskiy,45,RU,1582077799,94,69.38,178.42,244.86,7.71
67,Kombolcha,0,ET,1582077800,69,11.08,39.74,282.17,0.67
68,Bolgatanga,0,GH,1582077802,15,10.79,-0.85,295.9,4.29
69,Yumen,100,CN,1582077803,28,40.28,97.2,272.92,3.68
70,Upernavik,100,GL,1582077804,96,72.79,-56.15,251.22,3.2
71,Vaini,40,TO,1582077805,78,-21.2,-175.2,300.15,4.6
72,Pirapora do Bom Jesus,100,BR,1582077643,88,-23.4,-47.0,300.15,2.1
73,Coyhaique,0,CL,1582077807,46,-45.58,-72.07,285.15,3.6
74,Saint-Joseph,0,RE,1582077808,78,-21.37,55.62,296.15,3.1
75,Montlucon,88,FR,1582077809,88,46.33,2.6,280.93,1.34
76,Bambous Virieux,75,MU,1582077810,78,-20.34,57.76,298.15,3.6
77,Ayan,100,RU,1582077812,71,56.45,138.17,261.2,1.92
78,Norman Wells,90,CA,1582077813,70,65.28,-126.83,254.15,1.5
79,Altay,99,CN,1582077814,90,47.87,88.12,256.94,0.47
80,Lebu,0,CL,1582077815,72,-37.62,-73.65,287.73,4.44
81,Qaqortoq,32,GL,1582077816,40,60.72,-46.03,265.15,4.6
82,Palmer,90,US,1582077817,99,42.16,-72.33,275.37,1.17
83,Bluff,0,NZ,1582077818,69,-46.6,168.33,289.82,8.05
84,Kapaa,90,US,1582077819,57,22.08,-159.32,300.15,1.5
85,Hermanus,0,ZA,1582077821,88,-34.42,19.23,293.15,3.58
86,Bredasdorp,86,ZA,1582077822,82,-34.53,20.04,293.15,6.2
87,Yellowknife,75,CA,1582077633,69,62.46,-114.35,250.37,4.1
88,Beringovskiy,96,RU,1582077824,83,63.05,179.32,250.9,7.67
89,Jamestown,90,US,1582077825,89,42.1,-79.24,274.82,4.6
90,Nemuro,75,JP,1582077751,58,43.32,145.57,271.15,2.6
91,Chui,22,UY,1582077827,79,-33.7,-53.46,292.85,3.91
92,Siocon,0,PH,1582077828,73,7.71,122.14,300.74,6.08
93,Castro,100,BR,1582077830,98,-24.79,-50.01,292.29,1.1
94,San Quintin,53,MX,1582077787,24,30.48,-115.95,278.15,4.92
95,Kostomuksha,97,RU,1582077832,91,64.57,30.58,273.01,4.91
96,Ribeira Grande,33,PT,1582077833,87,38.52,-28.7,286.58,6.21
97,Geraldton,100,AU,1582077834,48,-28.77,114.6,303.15,5.7
98,Neepawa,5,CA,1582077631,58,50.23,-99.47,252.15,6.2
99,Berdigestyakh,86,RU,1582077836,94,62.1,126.7,249.84,1.29
100,Sao Filipe,100,CV,1582077837,42,14.9,-24.5,299.06,7.55
101,Teacapan,0,MX,1582077838,75,22.55,-105.75,293.85,0.3
102,Hailey,5,US,1582077839,73,43.52,-114.32,266.15,3.1
103,Nnewi,44,NG,1582077841,94,6.02,6.91,296.9,1.34
104,Xining,72,CN,1582077636,25,36.62,101.77,270.49,2.05
105,Sur,0,OM,1582077670,53,22.57,59.53,291.39,0.51
106,Yenagoa,81,NG,1582077844,92,4.92,6.26,297.75,0.73
107,Tessalit,33,ML,1582077845,16,20.2,1.01,291.89,5.44
108,Miramar,75,US,1582077675,78,25.99,-80.23,299.26,5.1
109,Cabo San Lucas,5,MX,1582077609,27,22.89,-109.91,299.15,1.0
110,Linxia,10,CN,1582077848,27,35.6,103.21,274.4,1.52
111,George Town,20,MY,1582077785,65,5.41,100.34,301.15,1.5
112,Naze,75,JP,1582077850,55,28.37,129.48,289.15,2.6
113,Kodiak,1,US,1582077852,47,57.79,-152.41,276.15,4.1
114,Taltal,13,CL,1582077853,89,-25.4,-70.48,289.29,0.94
115,Qaanaaq,69,GL,1582077854,65,77.48,-69.36,248.28,3.07
116,Hobart,75,AU,1582077840,54,-42.88,147.33,292.59,9.8
117,Khatanga,0,RU,1582077856,89,71.97,102.5,250.61,3.46
118,Luba,20,GQ,1582077857,88,3.46,8.55,297.15,2.42
119,Talnakh,100,RU,1582077858,85,69.49,88.4,262.15,13.0
120,Freeport,90,US,1582077648,87,40.66,-73.58,280.37,5.58
121,Bubaque,0,GW,1582077860,78,11.28,-15.83,298.9,4.81
122,Hong Kong,20,HK,1582077861,59,22.29,114.16,292.59,6.2
123,Guerrero Negro,100,MX,1582077863,82,27.98,-114.06,289.43,4.83
124,Kavaratti,66,IN,1582077864,69,10.57,72.64,300.85,3.2
125,Micheweni,26,TZ,1582077865,78,-4.97,39.83,301.62,3.53
126,Loukhi,100,RU,1582077866,98,66.08,33.04,269.97,1.88
127,Redlands,1,US,1582077592,45,34.06,-117.18,298.15,2.1
128,Mayumba,22,GA,1582077868,85,-3.43,10.66,300.59,2.58
129,Husavik,20,IS,1582077869,92,66.04,-17.34,270.15,3.1
130,San Jeronimo,100,PE,1582077816,87,-11.95,-75.28,280.16,0.87
131,Logan,1,US,1582077766,54,41.74,-111.83,273.15,2.6
132,Burnie,100,AU,1582077872,53,-41.07,145.92,292.59,4.92
133,Tagusao,99,PH,1582077873,67,9.19,117.81,301.24,6.32
134,Cacule,15,BR,1582077874,92,-14.5,-42.22,293.56,2.2
135,Hervey Bay,40,AU,1582077876,55,-25.3,152.85,305.37,4.1
136,Ifakara,70,TZ,1582077877,92,-8.13,36.68,294.57,0.44
137,Panguna,100,PG,1582077878,67,-6.32,155.48,300.38,2.89
138,Deputatsky,84,RU,1582077879,92,69.3,139.9,249.23,1.69
139,Srednekolymsk,96,RU,1582077880,97,67.45,153.68,249.73,2.34
140,Arraial do Cabo,76,BR,1582077881,83,-22.97,-42.03,299.15,5.7
141,Heze,100,CN,1582077882,46,35.24,115.44,282.94,3.62
142,Guayaramerin,91,BO,1582077883,85,-10.84,-65.36,299.06,1.44
143,Fairbanks,20,US,1582077780,85,64.84,-147.72,267.04,1.17
144,Longyearbyen,20,SJ,1582077886,64,78.22,15.64,256.15,7.7
145,Central Point,1,US,1582077887,34,42.38,-122.92,287.15,1.57
146,Neiafu,20,TO,1582077888,62,-18.65,-173.98,302.15,3.1
147,Vaitape,100,PF,1582077889,75,-16.52,-151.75,301.4,5.6
148,Labuan,75,MY,1582077628,62,5.28,115.24,302.15,1.5
149,Republic of El Salvador,99,SV,1582077891,61,13.83,-88.92,302.15,3.1
150,Lata,0,PT,1582077892,93,40.16,-8.33,281.48,2.1
151,Provideniya,75,RU,1582077893,72,64.38,-173.3,261.15,8.0
152,Maragogi,21,BR,1582077894,75,-9.01,-35.22,300.59,7.16
153,Kisesa,0,TZ,1582077895,80,-3.08,34.15,290.62,2.5
154,Yerbogachen,100,RU,1582077896,91,61.28,108.01,258.64,3.17
155,Kantang,20,TH,1582077897,78,7.41,99.52,299.15,3.68
156,Karratha,8,AU,1582077660,65,-20.74,116.85,304.55,6.33
157,Port Alfred,23,ZA,1582077900,85,-33.59,26.89,294.03,9.08
158,Waipawa,47,NZ,1582077901,69,-41.41,175.52,298.71,10.3
159,Olinda,75,BR,1582077902,78,-8.01,-34.86,300.15,3.1
160,Velyka Pysarivka,98,UA,1582077903,95,50.43,35.48,273.87,3.25
161,Ponta Delgada,75,PT,1582077867,87,37.73,-25.67,287.15,3.6
162,Vila Franca do Campo,75,PT,1582077905,87,37.72,-25.43,287.15,3.6
163,San Rafael del Sur,20,NI,1582077906,58,11.85,-86.44,303.15,6.2
164,Chokurdakh,98,RU,1582077907,97,70.63,147.92,252.46,4.43
165,Umm Kaddadah,0,SD,1582077696,29,13.6,26.69,291.41,5.72
166,Kashgar,45,CN,1582077910,53,39.45,75.98,270.15,3.0
167,Kiryat Gat,75,IL,1582077888,87,31.61,34.76,288.15,3.6
168,Gobabis,100,NA,1582077912,74,-22.45,18.97,294.4,3.41
169,Tucupita,50,VE,1582077913,89,9.06,-62.05,296.38,2.23
170,Bereda,49,ES,1582077914,93,43.27,-7.54,278.71,2.6
171,Salalah,20,OM,1582077694,77,17.02,54.09,294.15,1.5
172,Cartagena,0,CO,1582077642,83,10.4,-75.51,300.15,4.1
173,Traiguen,0,CL,1582077917,94,-38.25,-72.68,283.6,1.29
174,Cap Malheureux,75,MU,1582077918,78,-19.98,57.61,298.15,3.6
175,Dodge City,1,US,1582077920,50,37.75,-100.02,274.82,2.1
176,Portsmouth,33,GB,1582077703,83,50.8,-1.09,278.15,3.6
177,Kaitangata,90,NZ,1582077922,52,-46.28,169.85,294.26,4.47
178,Isangel,40,VU,1582077923,62,-19.55,169.27,305.15,4.1
179,Andenes,100,NO,1582077924,58,69.31,16.12,272.04,4.6
180,Moba,0,CN,1582077925,52,33.23,105.02,277.63,2.41
181,Kindu,100,CD,1582077926,98,-2.95,25.95,294.37,0.76
182,Polunochnoye,47,RU,1582077927,88,60.87,60.42,269.64,2.91
183,Pevek,100,RU,1582077929,99,69.7,170.31,242.56,1.94
184,Hilo,1,US,1582077778,54,19.73,-155.09,300.15,4.6
185,Pucallpa,75,PE,1582077931,74,-8.38,-74.55,302.15,1.0
186,Saint-Marc-des-Carrieres,90,CA,1582077932,92,46.68,-72.05,270.93,1.0
187,Port Hardy,5,CA,1582077933,89,50.7,-127.42,278.15,3.1
188,Somanda,0,TZ,1582077934,80,-3.37,33.95,291.7,2.24
189,Saint-Augustin,67,CA,1582077935,88,51.23,-58.65,261.99,4.23
190,Clyde River,1,CA,1582077936,74,70.47,-68.59,242.15,3.1
191,Gongzhuling,0,CN,1582077937,58,43.5,124.82,268.89,2.47
192,Ullal,20,IN,1582077938,88,12.8,74.85,296.15,2.1
193,Jizan,0,SA,1582077940,74,17.33,42.67,300.15,1.5
194,Farsund,26,NO,1582077941,83,58.09,6.8,276.48,2.24
195,Kungurtug,100,RU,1582077942,92,50.6,97.52,259.08,1.3
196,Morant Bay,20,JM,1582077943,62,17.88,-76.41,302.15,5.1
197,Champerico,45,GT,1582077944,76,14.3,-91.92,297.54,1.63
198,Narsaq,59,GL,1582077895,40,60.92,-46.05,265.15,4.6
199,Pompeu,100,BR,1582077690,94,-19.22,-44.94,294.23,2.77
200,Otukpo,61,NG,1582077948,69,7.19,8.13,296.74,1.13
201,Ahipara,0,NZ,1582077949,83,-35.17,173.17,299.82,5.84
202,Kizhinga,97,RU,1582077950,81,51.85,109.91,261.48,0.19
203,Saint George,1,US,1582077951,33,37.1,-113.58,285.15,3.6
204,Tautira,75,PF,1582077952,62,-17.73,-149.15,304.15,5.1
205,Mount Isa,0,AU,1582077920,37,-20.73,139.5,309.15,4.1
206,Stornoway,7,GB,1582077954,75,58.21,-6.39,279.15,10.8
207,Kiunga,81,PG,1582077955,54,-6.12,141.29,306.22,2.07
208,Morros,100,BR,1582077956,64,-9.45,-46.3,297.61,1.53
209,Khovd,0,MN,1582077957,47,48.01,91.64,262.08,1.96
210,Araouane,0,ML,1582077958,15,18.9,-3.53,294.74,3.98
211,Garoowe,64,SO,1582077960,78,8.41,48.48,294.4,5.27
212,Lompoc,1,US,1582077878,58,34.64,-120.46,290.15,2.1
213,Dorado,40,PR,1582077962,74,18.46,-66.27,299.15,5.7
214,Ogaminana,100,NG,1582077963,94,7.59,6.22,295.1,1.67
215,Touros,20,BR,1582077964,83,-5.2,-35.46,300.15,3.6
216,Sangar,62,RU,1582077965,94,63.92,127.47,245.58,0.69
217,Santa Cruz de la Sierra,90,BO,1582077900,94,-17.8,-63.17,298.15,4.1
218,Dunedin,100,NZ,1582077944,57,-45.87,170.5,293.71,1.69
219,Cayenne,75,GF,1582077968,74,4.93,-52.33,300.15,4.6
220,North Bend,1,US,1582077970,70,43.41,-124.22,283.15,2.67
221,Praia da Vitoria,75,PT,1582077963,76,38.73,-27.07,287.15,6.12
222,Cidreira,99,BR,1582077972,84,-30.18,-50.21,297.97,4.73
223,Butaritari,0,KI,1582077935,77,3.07,172.79,301.92,8.27
224,Nizhneivkino,100,RU,1582077974,96,58.19,49.52,273.82,5.15
225,Samarai,82,PG,1582077975,48,-10.62,150.67,306.19,2.15
226,Viedma,36,AR,1582077842,30,-40.81,-63.0,294.78,7.61
227,Kahului,40,US,1582077977,54,20.89,-156.47,300.15,8.7
228,Marawi,37,PH,1582077978,74,8.0,124.29,300.37,3.13
229,Andilamena,43,MG,1582077979,96,-17.02,48.58,290.26,0.85
230,Mahebourg,75,MU,1582077981,78,-20.41,57.7,298.15,3.6
231,Kolda,0,SN,1582077982,68,12.88,-14.95,293.15,1.84
232,Nanortalik,100,GL,1582077983,59,60.14,-45.24,268.06,16.62
233,Rincon de la Victoria,75,ES,1582077984,93,36.72,-4.28,287.15,2.6
234,Ostrovnoy,99,RU,1582077888,98,68.05,39.51,263.32,1.81
235,Virginia Beach,40,US,1582077428,76,36.85,-75.98,287.59,1.5
236,Gizo,1,SB,1582077987,79,-8.1,156.84,300.36,5.97
237,Yulara,32,AU,1582077988,18,-25.24,130.99,302.15,6.7
238,Saldanha,0,ZA,1582077989,64,-33.01,17.94,295.15,0.5
239,Marabu,75,MY,1582077990,83,4.41,114.01,301.15,4.1
240,Kortkeros,75,RU,1582077992,98,61.81,51.58,275.15,4.0
241,Faanui,100,PF,1582077965,75,-16.48,-151.75,301.4,5.6
242,Jumla,3,NP,1582077994,20,29.27,82.18,278.94,0.7
243,Kenosha,1,US,1582077995,73,42.57,-88.05,272.59,6.58
244,Tiksi,100,RU,1582077996,86,71.69,128.87,252.85,3.46
245,Ponta do Sol,75,PT,1582077997,63,32.67,-17.1,289.15,7.7
246,Palu,100,ID,1582077778,56,-0.89,119.87,301.11,1.62
247,Yangi Marg`ilon,75,UZ,1582077999,74,40.43,71.72,272.15,2.1
248,Alofi,40,NU,1582078000,70,-19.06,-169.92,302.15,4.6
249,Muisne,47,EC,1582078002,93,0.6,-80.03,298.44,1.7
250,Kabanjahe,40,ID,1582078003,94,3.1,98.49,298.15,1.5
251,Waycross,1,US,1582077735,83,31.21,-82.35,294.15,2.6
252,Ancud,75,CL,1582078005,87,-41.87,-73.82,284.15,3.1
253,Padang,18,ID,1582077813,66,-0.95,100.35,299.41,1.62
254,Umm Lajj,0,SA,1582077919,56,25.02,37.27,287.62,1.01
255,Penha,75,BR,1582078008,94,-26.77,-48.65,301.15,3.25
256,Luderitz,51,NA,1582078009,97,-26.65,15.16,290.45,5.32
257,Mbala,97,ZM,1582078010,96,-8.84,31.37,287.9,0.89
258,Alice Springs,0,AU,1582078011,18,-23.7,133.88,301.15,7.2
259,Klaksvik,94,FO,1582078013,93,62.23,-6.59,275.15,2.63
260,Limenaria,58,GR,1582078014,87,40.63,24.58,282.59,1.19
261,Port Elizabeth,46,ZA,1582078015,88,-33.92,25.57,292.15,5.1
262,Thompson,5,CA,1582078016,62,55.74,-97.86,248.15,2.1
263,Tuy Hoa,31,VN,1582078017,78,13.08,109.3,297.29,8.54
264,Panaba,0,MX,1582078018,73,21.28,-88.27,298.7,4.45
265,Hofn,100,IS,1582078019,68,64.25,-15.21,276.8,5.51
266,Santa Isabel do Rio Negro,47,BR,1582077971,73,-0.41,-65.02,300.37,0.94
267,Carnarvon,100,AU,1582078022,55,-24.87,113.63,304.15,2.1
268,Campbell River,5,CA,1582078023,69,50.02,-125.24,278.15,0.31
269,Prainha,73,BR,1582078024,97,-1.8,-53.48,296.99,1.35
270,Mezhova,100,UA,1582078025,99,48.25,36.73,274.45,2.54
271,West Point,90,US,1582078026,100,33.61,-88.65,288.15,5.1
272,Norsup,75,VU,1582078027,78,-16.07,167.38,301.15,2.6
273,Zima,100,RU,1582078028,92,53.92,102.04,261.11,0.99
274,Puerto Penasco,0,MX,1582078029,75,31.32,-113.53,290.37,1.81
275,Carutapera,100,BR,1582077985,83,-1.2,-46.02,300.45,8.14
276,Corrente,100,BR,1582078032,98,-3.74,-43.34,296.14,0.95
277,Labuhan,100,ID,1582078033,83,-6.88,112.21,300.12,2.15
278,Dhidhdhoo,0,MV,1582078034,69,6.88,73.1,300.73,5.6
279,Imbituba,20,BR,1582078035,100,-28.24,-48.67,301.15,2.1
280,Gallup,1,US,1582078036,22,35.53,-108.74,281.15,2.91
281,Dingle,76,PH,1582078037,79,11.0,122.67,298.47,8.43
282,Honiara,20,SB,1582078038,70,-9.43,159.95,305.15,6.2
283,Bud,75,US,1582078039,81,39.45,-86.18,274.82,4.1
284,Kasongo-Lunda,100,CD,1582078040,98,-6.47,16.82,293.07,0.19
285,San Andres,20,CO,1582078042,78,12.58,-81.7,301.15,7.7
286,Ampanihy,100,MG,1582078043,77,-24.7,44.75,298.21,2.54
287,Korla,100,CN,1582078044,88,41.76,86.15,270.93,1.38
288,Raghunathpur,0,IN,1582078045,30,23.55,86.67,294.28,0.46
289,Lingao,43,CN,1582078046,82,19.91,109.69,293.16,6.58
290,Ishigaki,20,JP,1582078047,59,24.34,124.16,292.15,2.6
291,Tuatapere,99,NZ,1582077916,69,-46.13,167.68,289.82,8.05
292,San Patricio,20,MX,1582078049,78,19.22,-104.7,299.15,3.1
293,General Artigas,75,PY,1582078051,94,-26.93,-56.22,296.15,1.5
294,Gouyave,75,GD,1582077964,83,12.16,-61.73,299.15,5.1
295,Mulege,100,MX,1582078053,51,26.88,-111.98,292.83,1.45
296,Najran,2,SA,1582078054,39,17.49,44.13,290.15,0.4
297,Ayotzintepec,0,MX,1582078055,86,17.67,-96.13,291.53,1.85
298,Mehamn,100,NO,1582078056,83,71.04,27.85,265.82,6.03
299,Acapulco de Juarez,5,MX,1582078057,65,16.86,-99.89,301.15,4.6
300,Nalut,0,LY,1582078058,52,30.33,10.85,281.21,3.16
301,Fairlie,5,GB,1582078059,79,55.76,-4.86,279.15,5.7
302,Dagana,7,MR,1582078061,10,16.52,-15.51,298.67,4.93
303,Harper,0,LR,1582078062,93,4.38,-7.72,297.87,1.42
304,Ambilobe,73,MG,1582078063,96,-13.2,49.05,297.39,0.63
305,Saryagash,90,KZ,1582078064,86,41.45,69.17,272.15,2.1
306,La Ronge,5,CA,1582077964,69,55.1,-105.28,250.15,2.6
307,Bridlington,25,GB,1582078066,80,54.08,-0.19,277.59,7.2
308,Fasa,85,IR,1582078067,56,28.94,53.65,280.15,1.81
309,Kampot,20,KH,1582078068,65,10.62,104.18,300.15,3.6
310,Rock Hill,75,US,1582078069,100,34.92,-81.03,287.59,3.37
311,Santa Maria,75,BR,1582078070,88,-29.68,-53.81,296.15,1.5
312,Lorengau,54,PG,1582077980,78,-2.02,147.27,301.79,7.33
313,Bathsheba,75,BB,1582078072,83,13.22,-59.52,297.15,10.3
314,Severo-Kuril'sk,100,RU,1582078073,85,50.68,156.12,266.8,2.39
315,Mae Sai,20,TH,1582078075,100,20.43,99.88,293.71,0.37
316,Katsuura,40,JP,1582078076,39,35.13,140.3,284.26,5.7
317,Itarema,100,BR,1582078077,92,-2.92,-39.92,297.45,1.3
318,Nuuk,75,GL,1582078023,78,64.18,-51.72,262.15,5.1
319,Asau,75,RO,1582077938,81,46.43,26.4,280.37,1.0
320,Dalbandin,96,PK,1582077966,44,28.89,64.41,284.99,2.77
321,Aksay,0,RU,1582078081,92,47.26,39.87,267.04,1.16
322,Daoukro,3,CI,1582078083,98,7.06,-3.96,294.75,1.29
323,Abu Samrah,100,SY,1582078084,93,35.3,37.18,280.47,3.43
324,Broome,90,US,1582078085,93,42.25,-75.83,277.04,5.7
325,Mitu,0,CO,1582078086,96,1.2,-70.17,296.08,0.44
326,Urengoy,100,RU,1582078087,93,65.97,78.37,265.15,6.95
327,Tocopilla,0,CL,1582078088,57,-22.09,-70.2,291.09,0.18
328,Soubre,1,CI,1582078065,97,5.79,-6.61,296.28,0.78
329,Novi Sanzhary,100,UA,1582078090,93,49.34,34.31,274.87,3.24
330,Petropavlovsk-Kamchatsky,0,RU,1582078091,51,53.05,158.65,262.15,2.0
331,Hualmay,100,PE,1582078092,77,-11.1,-77.61,295.66,1.94
332,Lavrentiya,100,RU,1582078093,80,65.58,-171.0,252.69,2.99
333,Anstruther,20,GB,1582078095,80,56.22,-2.7,277.59,7.2
334,Two Hills,0,CA,1582078096,96,53.72,-111.75,247.97,3.74
335,Flinders,0,AU,1582078097,38,-34.58,150.86,300.93,9.8
336,Vertientes,12,CU,1582078098,88,21.26,-78.15,297.15,5.7
337,Tailai,0,CN,1582078099,71,46.38,123.4,265.49,2.9
338,Mount Gambier,75,AU,1582078100,67,-37.83,140.77,290.15,8.2
339,Constanta,33,RO,1582078101,87,44.18,28.65,280.37,4.6
340,Thinadhoo,0,MV,1582078103,81,0.53,72.93,301.13,6.59
341,La Rochelle,20,FR,1582078104,81,46.17,-1.15,283.15,8.2
342,Ulaangom,100,MN,1582078105,98,49.98,92.07,252.45,1.12
343,Souillac,75,MU,1582078106,78,-20.52,57.52,298.15,3.6
344,Nagamangala,96,IN,1582078107,100,12.82,76.76,290.15,2.72
345,Dikson,100,RU,1582078108,88,73.51,80.55,264.49,17.05
346,Hay River,75,CA,1582078109,70,60.82,-115.8,254.15,4.1
347,Antofagasta,75,CL,1582078110,77,-23.65,-70.4,294.15,4.1
348,Wesselsbron,85,ZA,1582078111,95,-27.85,26.37,290.93,2.93
349,Reconquista,91,AR,1582078112,55,-29.15,-59.65,293.08,1.38
350,Urubicha,72,BO,1582078114,75,-15.38,-62.95,298.86,0.97
351,Kirensk,100,RU,1582078115,92,57.79,108.11,257.46,1.0
352,Sioux Lookout,5,CA,1582077821,59,50.1,-91.92,255.15,4.1
353,Hungund,0,IN,1582078118,48,16.07,76.05,296.81,4.89
354,Shangrao,51,CN,1582078119,59,28.45,117.97,283.72,2.14
355,Biak,100,ID,1582078120,67,-0.91,122.88,302.67,3.51
356,Prachatice,99,CZ,1582078121,80,49.01,14.0,276.48,4.8
357,Huarmey,100,PE,1582078122,74,-10.07,-78.15,296.1,1.71
358,Avera,90,US,1582077994,99,33.19,-82.53,290.15,3.6
359,Garissa,0,KE,1582077863,79,-0.45,39.64,298.63,4.01
360,Bengkulu,1,ID,1582077881,61,-3.8,102.27,303.9,0.46
361,Cherskiy,100,RU,1582077889,96,68.75,161.3,243.82,2.4
362,Rio Gallegos,100,AR,1582078128,53,-51.62,-69.22,283.15,15.9
363,Pangnirtung,100,CA,1582078129,98,66.15,-65.71,239.16,0.75
364,Houma,75,US,1582078130,100,29.6,-90.72,296.15,2.09
365,Necochea,0,AR,1582078131,97,-38.55,-58.74,284.26,0.89
366,Miedzychod,48,PL,1582078132,85,52.6,15.9,276.15,4.1
367,Asilah,0,MA,1582078133,87,35.47,-6.03,289.15,3.1
368,Daru,69,PG,1582078134,51,-9.08,143.21,307.16,2.94
369,Quatre Cocos,75,MU,1582078135,78,-20.21,57.76,298.15,3.6
370,Pacific Grove,1,US,1582078136,71,36.62,-121.92,287.15,3.1
371,Qasigiannguit,100,GL,1582077900,64,68.82,-51.19,255.15,3.1
372,Anadyr,0,RU,1582077843,76,64.75,177.48,250.15,5.0
373,Nisibis,100,TR,1582078140,77,37.08,41.22,283.07,5.04
374,Sarkand,40,KZ,1582078141,66,45.41,79.92,263.59,2.03
375,Ixtapa,5,MX,1582078142,78,20.7,-105.2,297.15,2.6
376,Moyamba,0,SL,1582078143,97,8.17,-12.43,296.29,1.07
377,Menongue,100,AO,1582078144,96,-14.66,17.69,291.49,1.37
378,Mossamedes,100,AO,1582078145,71,-15.2,12.15,296.77,4.8
379,Balkanabat,2,TM,1582078146,54,39.51,54.37,275.79,10.38
380,Half Moon Bay,20,US,1582077993,44,37.46,-122.43,291.15,8.2
381,West Wendover,1,US,1582077901,51,40.74,-114.07,273.15,1.89
382,Mecca,100,SA,1582078071,77,21.43,39.83,294.89,1.44
383,Urumqi,90,CN,1582078151,92,43.8,87.6,268.15,1.0
384,Alyangula,47,AU,1582078152,88,-13.85,136.42,299.15,3.6
385,Port Blair,40,IN,1582077965,80,11.67,92.75,299.91,6.82
386,Barra de Tecoanapa,0,MX,1582078154,79,16.52,-98.75,296.67,0.46
387,Pandan,100,PH,1582078155,79,14.05,124.17,298.09,11.49
388,Cacoal,100,BR,1582078156,93,-11.44,-61.45,297.82,1.33
389,Manuk Mangkaw,82,PH,1582078157,79,4.8,119.85,300.58,7.12
390,Barberton,39,ZA,1582078087,100,-25.79,31.05,296.15,1.0
391,Chiche,76,GT,1582078160,71,15.01,-91.06,283.71,0.66
392,San Juan,0,AR,1582078053,25,-31.54,-68.54,297.68,2.3
393,Barranca,100,PE,1582078162,92,-10.75,-77.77,295.39,5.5
394,Vila Velha,40,BR,1582078163,88,-20.33,-40.29,299.15,3.1
395,Warmbad,0,NA,1582078164,53,-28.45,18.73,297.84,1.25
396,Vanimo,74,PG,1582077929,88,-2.67,141.3,299.28,10.45
397,Denpasar,20,ID,1582077886,89,-8.65,115.22,302.15,3.6
398,Sale,75,MA,1582078152,93,34.04,-6.82,289.82,1.5
399,Port Lincoln,100,AU,1582078169,61,-34.73,135.87,289.9,5.93
400,Grand Gaube,75,MU,1582078170,78,-20.01,57.66,298.15,3.6
401,Doka,18,SD,1582078171,15,13.52,35.77,294.62,4.62
402,Ilulissat,100,GL,1582077985,64,69.22,-51.1,255.15,3.1
403,Margate,0,GB,1582077881,86,51.38,1.39,278.71,7.2
404,Thaton,51,MM,1582077960,46,16.92,97.37,301.98,1.83
405,Seymchan,100,RU,1582078175,92,62.88,152.43,249.19,1.0
406,Esmeralda,77,CU,1582078176,88,21.85,-78.12,297.15,5.7
407,Kieta,100,PG,1582078177,70,-6.22,155.63,303.26,4.89
408,Kiama,0,AU,1582078179,38,-34.68,150.87,299.26,9.8
409,Nome,90,US,1582077981,85,64.5,-165.41,269.82,6.7
410,Batemans Bay,55,AU,1582078181,50,-35.72,150.18,297.59,1.79
411,Muli,0,MV,1582078182,67,2.92,73.57,301.3,8.56
412,Chara,1,RU,1582078183,74,56.91,118.26,251.58,0.53
413,Ouadda,69,CF,1582078184,44,8.08,22.4,293.71,1.18
414,Aguas Formosas,2,BR,1582077902,98,-17.08,-40.94,292.41,0.19
415,Golden,90,US,1582078186,63,39.76,-105.22,272.15,3.6
416,Biloela,6,AU,1582078187,47,-24.42,150.5,305.62,2.64
417,Ruteng,100,ID,1582078188,68,-8.61,120.47,300.39,2.0
418,Jakar,74,BT,1582078190,80,27.55,90.75,277.77,1.17
419,Mabaruma,20,GY,1582078191,95,8.2,-59.78,294.37,1.07
420,Shellbrook,5,CA,1582078192,58,53.22,-106.4,252.15,3.6
421,Port Macquarie,2,AU,1582078193,61,-31.43,152.92,306.48,6.7
422,Mindelo,40,CV,1582078194,83,16.89,-24.98,295.15,11.8
423,Kuusamo,90,FI,1582078195,100,65.97,29.18,272.15,2.1
424,Chimbote,44,PE,1582078196,76,-9.09,-78.58,296.1,1.73
425,Gravdal,33,NO,1582078197,73,68.12,13.5,273.21,4.07
426,Torbay,20,CA,1582078198,66,47.67,-52.73,264.82,6.7
427,Zakopane,22,PL,1582077944,69,49.3,19.95,274.15,6.7
428,Maunabo,20,PR,1582078201,69,18.01,-65.9,300.15,6.7
429,Macapa,90,BR,1582078202,100,0.04,-51.07,299.15,3.6
430,Kruisfontein,5,ZA,1582078203,94,-34.0,24.73,289.96,2.97
431,Zhaoyang,0,CN,1582078204,82,42.68,126.03,269.94,3.07
432,Vestmannaeyjar,100,IS,1582078010,46,63.44,-20.27,276.4,4.43
433,Le Port,1,RE,1582078206,78,-20.94,55.29,296.15,4.1
434,Khash,100,IR,1582078207,52,28.22,61.22,282.54,3.88
435,Mala,100,PE,1582078208,82,-12.66,-76.63,293.51,1.6
436,Arona,90,ES,1582078209,87,28.1,-16.68,291.48,3.1
437,Gidam,0,IN,1582078211,30,18.98,81.4,295.66,0.67
438,Ucluelet,5,CA,1582078206,60,48.93,-125.55,279.15,1.5
439,Olafsvik,56,IS,1582078027,71,64.89,-23.71,273.2,5.04
440,Ried,89,DE,1582078214,60,48.48,11.26,278.71,5.1
441,Baiyin,2,CN,1582078215,47,36.56,104.21,274.82,2.0
442,Iqaluit,5,CA,1582078216,59,63.75,-68.51,238.15,2.6
443,Tiznit,97,MA,1582078156,38,29.58,-9.5,288.61,0.47
444,Birao,0,CF,1582078218,24,10.28,22.79,294.94,4.22
445,Kuldur,100,RU,1582078219,72,49.22,131.63,263.34,2.72
446,Copiapo,1,CL,1582078060,77,-27.37,-70.33,291.15,3.6
447,Coquimbo,0,CL,1582078221,82,-29.95,-71.34,289.15,3.1
448,Balasheyka,100,RU,1582078223,93,53.28,48.09,272.11,5.97
449,Ginda,100,IN,1582078224,34,30.69,78.49,283.9,0.57
450,Puerto Santander,20,CO,1582078225,55,8.36,-72.41,303.15,2.1
451,Namatanai,100,PG,1582078172,81,-3.67,152.43,300.12,2.94
452,Doha,0,QA,1582078227,88,25.29,51.53,293.15,1.5
453,Aleksandrov Gay,100,RU,1582078228,93,50.15,48.57,274.46,6.9
454,Ionia,1,US,1582078126,73,42.99,-85.07,271.48,5.7
455,Juneau,90,US,1582078024,86,58.3,-134.42,277.15,5.7
456,Hamilton,40,US,1582077934,74,39.18,-84.53,277.59,1.5
457,Strezhevoy,90,RU,1582078232,92,60.73,77.59,269.15,5.0
458,Yar-Sale,62,RU,1582078233,91,66.83,70.83,267.95,6.33
459,Kadaya,0,RU,1582078234,86,50.93,119.29,256.68,1.06
460,Churapcha,100,RU,1582078236,92,62.0,132.43,247.88,1.73
461,Giyani,0,ZA,1582078237,96,-23.3,30.72,293.34,2.27
462,Rockhampton,40,AU,1582078238,55,-23.38,150.5,306.15,2.1
463,Porto-Novo,20,BJ,1582078239,83,6.5,2.6,302.15,4.6
464,Plastun,78,RU,1582078240,54,44.76,136.29,268.08,2.82
465,Vetlanda,79,SE,1582078241,100,57.43,15.08,276.15,6.2
466,Key Biscayne,75,US,1582078121,78,25.69,-80.16,299.26,5.1
467,Killybegs,100,IE,1582078244,88,54.63,-8.45,274.82,0.89
468,Erenhot,0,CN,1582078245,82,43.65,111.98,264.64,0.74
469,Aykhal,78,RU,1582078246,91,66.0,111.5,256.15,3.0
470,Ust-Maya,94,RU,1582078247,92,60.42,134.53,251.31,1.0
471,Moroto,33,UG,1582078248,63,2.53,34.67,295.23,1.96
472,Huangmei,84,CN,1582078249,55,30.19,116.03,285.22,2.54
473,Henties Bay,100,NA,1582078250,89,-22.12,14.28,290.93,1.34
474,Altamira,100,BR,1582078251,98,-3.2,-52.21,296.54,1.11
475,Ciudad Lazaro Cardenas,0,MX,1582078253,77,17.96,-102.2,295.85,0.5
476,Nantucket,90,US,1582078254,93,41.28,-70.1,282.04,6.7
477,Punta Cardon,36,VE,1582078255,82,11.66,-70.22,298.84,12.28
478,Atambua,51,ID,1582078256,70,-9.11,124.89,302.07,2.68
479,Aktash,93,RU,1582078257,84,50.3,87.73,254.16,2.57
480,Auki,26,SB,1582078012,78,-8.77,160.7,301.96,8.1
481,Swan Hill,26,AU,1582078259,33,-35.34,143.55,297.37,8.07
482,Riyadh,82,SA,1582077968,29,24.69,46.72,292.15,2.6
483,Novomichurinsk,95,RU,1582078261,100,54.04,39.75,274.26,1.34
484,Pasni,100,PK,1582078263,24,25.26,63.47,293.37,8.96
485,NEDJO,0,ET,1582078264,31,9.5,35.5,288.71,1.02
486,Kaeo,32,NZ,1582078265,84,-35.1,173.78,299.26,0.89
487,Sabha,0,LY,1582078089,59,27.04,14.43,282.43,2.12
488,Poum,0,NC,1582078029,79,-20.23,164.02,300.14,9.2
489,Male,40,MV,1582078268,74,4.17,73.51,301.15,6.7
490,Batticaloa,1,LK,1582078269,73,7.71,81.69,296.83,1.62
491,Kudahuvadhoo,35,MV,1582078270,73,2.67,72.89,301.14,8.0
492,Puerto Baquerizo Moreno,39,EC,1582078271,88,-0.9,-89.6,299.05,3.27
493,Constantine,75,DZ,1582078272,93,36.37,6.61,281.15,1.0
494,Chebsara,100,RU,1582078273,96,59.2,38.84,273.73,4.27
495,Atar,68,MR,1582078275,14,20.52,-13.05,294.58,4.74
496,Iracoubo,92,GF,1582078276,78,5.48,-53.2,299.13,8.77
497,Bogorodskoye,60,RU,1582078277,93,56.55,37.88,272.69,4.26
498,Ashtabula,1,US,1582078278,80,41.7,-80.77,275.37,5.1
499,Yelizovo,0,RU,1582078279,51,53.19,158.38,262.15,2.0
500,Espinosa,100,BR,1582078021,92,-14.93,-42.82,292.02,2.66
501,Belyy Yar,22,RU,1582078281,85,53.6,91.39,263.15,4.0
502,Faya,0,SA,1582078282,44,18.39,42.45,289.15,2.6
503,Abnub,29,EG,1582078284,62,27.27,31.15,283.48,2.57
504,Omboue,77,GA,1582078285,94,-1.57,9.26,297.2,0.82
505,Rona de Sus,78,RO,1582078286,92,47.9,24.05,274.15,3.1
506,Kamaishi,75,JP,1582078287,100,39.27,141.88,274.15,2.1
507,Irtyshskiy,95,RU,1582078288,92,58.33,68.13,271.03,4.8
508,Kesinga,0,IN,1582078289,29,20.2,83.23,294.69,0.21
509,Udachny,2,RU,1582078290,91,66.42,112.4,256.15,3.0
510,Christchurch,0,NZ,1582078287,57,-43.53,172.63,298.71,5.1
511,Brae,94,GB,1582078011,77,60.4,-1.35,279.15,1.0
512,Pirovskoye,91,RU,1582078293,87,57.63,92.27,264.24,5.12
513,Marsh Harbour,73,BS,1582078294,81,26.54,-77.06,297.18,7.0
514,Puerto Escondido,40,MX,1582078295,88,15.85,-97.07,300.15,1.61
515,Mahina,75,PF,1582078296,62,-17.51,-149.49,304.15,5.1
516,Noumea,90,NC,1582078298,55,-22.28,166.46,304.15,4.6
517,San Javier,90,ES,1582078299,93,37.81,-0.84,287.15,4.1
518,Mandapam,16,IN,1582078300,66,9.28,79.12,299.05,4.5
519,Mount Pleasant,90,US,1582078160,100,32.79,-79.86,290.93,1.65
520,Bima,9,ID,1582078302,69,-8.47,118.72,303.56,0.82
521,Terra Santa,96,BR,1582078304,75,-2.1,-56.49,298.95,0.67
522,Mizdah,0,LY,1582078305,73,31.45,12.98,280.17,1.14
523,Puerto Ayacucho,20,VE,1582078306,52,5.66,-67.62,305.15,4.1
524,Esil,100,KZ,1582078307,94,51.96,66.4,271.48,10.82
525,Bahia Honda,0,CU,1582078308,86,22.9,-83.16,297.41,4.86
526,Zaysan,76,KZ,1582078309,70,47.47,84.87,263.28,1.22
527,'Ewa Beach,40,US,1582078310,48,21.32,-158.01,301.15,9.8
528,Union,90,US,1582078311,87,40.63,-74.27,282.04,1.76
529,Francisco Beltrao,100,BR,1582078312,97,-26.08,-53.05,292.5,1.16
530,Bambanglipuro,83,ID,1582078313,66,-7.95,110.28,302.05,3.47
531,Howard Springs,75,AU,1582078315,70,-12.5,131.05,305.93,3.6
532,Wanning,100,CN,1582078316,84,18.8,110.4,294.18,4.45
533,Orange Walk District,4,BZ,1582078317,89,17.83,-88.83,297.59,2.24
534,Punta Alta,0,AR,1582078237,34,-38.88,-62.07,295.32,4.94
535,Gravelbourg,0,CA,1582078319,85,49.88,-106.55,246.3,1.75
536,Katyr-Yurt,75,RU,1582078320,92,43.17,45.37,269.15,2.0
537,Westport,90,US,1582078269,87,41.14,-73.36,280.37,2.1
538,Pitimbu,40,BR,1582078322,83,-7.47,-34.81,300.15,3.1
539,Kautokeino,50,NO,1582078323,89,69.01,23.04,259.83,2.63
540,Aksaray,0,TR,1582078325,92,38.37,34.03,270.15,2.6
541,Saint-Pierre,20,RE,1582078326,73,-21.34,55.48,297.15,2.1
542,Adrar,56,MR,1582078327,14,20.5,-10.07,293.89,5.13
543,Cody,100,US,1582078328,56,44.53,-109.06,266.15,2.1
544,Killarney,100,IE,1582078329,91,52.05,-9.52,276.69,2.06
545,Safaga,0,EG,1582078330,56,26.73,33.94,286.3,6.13
546,Kargasok,100,RU,1582078331,93,59.06,80.86,266.16,6.56
